,,,,,,,,
,   üåè 2025 Ethereum Events ,,,,,,"Missing any?
Comment or 
ping me on X"," & join us on 
Telegram üí¨"
,See the doc on fileverse: https://docs.fileverse.io/0x81fb962e2088De6925AffA4E068dd3FAF3EFE163/52#key=ha6QALpLn-BWQhAHUpUTp4QotvX1P4TAbMz3q2yHEM2mFc__x76RRbbd7I0OoeHN,,,,,,  @NathanSexer,
,,,,,,,,
,Event,startDate,endDate,Geo,Link,Social,Chat,
,Zugrama India,January 5,February 16,"Thiruvananthapuram, Kerala, IND",zugrama.org/,ZuGramaIndia,-,
,BUIDL Europe,January 9,January 10,"Lisbon, POR",buidleurope.com,buidl_asia,t.me/+q50QiBQ4aVU1NTk1,
,ETHiopia,January 21,February 21,"Addis Ababa, ETH",eth-iopia.xyz,ETHiopia____,t.me/+yckCJYh-vyQ0Mjhl,
,EthereumZuri.ch,January 30,January 31,"Zurich, CHE",ethereumzuri.ch/,ethereumzurich,t.me/ethereumzurich,
,EthOxford,February 7,February 9,"Oxford, UK",ethoxford.io/,homedao_live,-,
,NFT Paris*,February 13,February 14,"Paris, FR",nftparis.xyz ,nft_paris,-,
,RWA Paris Summit*,February 13,February 14,"Paris, FR",rwaparis.xyz,nft_paris,-,
,Consensus HK*,February 18,February 20,"Hong Kong, HKG",consensus-hongkong2025.coindesk.com/,CoinDesk,-, 
,ZKDay,February 20,February 20,"Denver, USA",zklab.systems/zk-village,0zklab,-,
,ETHDenver,February 23,March 2,"Denver, USA",ethdenver.com,ethereumdenver,discord.gg/sporkdao,
,Pragma Denver,February 25,February 25,"Denver, USA",ethglobal.com/events/pragma-denver2025,ethglobal,ethglobal.com/discord,
,Modular Carnival,February 25,March 1,"Belo Horizonte, BRA",modularcarnival.xyz,modularcrypto,discord.com/invite/YvgrPfg5RZ,
,Edge City Austin,March 2,March 7,"Austin, USA",https://www.edgecity.live/austin,joinedgecity,-,
,Crecimiento,April 18,March 28,"TBD, ARG",crecimientoar,crecimientoar,t.me/+sXWv0kpT7qo4ZTdk,
,EthereumSF,March 10,March 16,"San Francisco, US",ethereumsf.org/,ethereumsf,t.me/+F5I7mpYd76xhY2Rh,
,Building Blocks,March 25,March 29,"Tel Aviv, IL",buildingblockstlv.com/,BuildingBlock_s,t.me/@BuildingBlocksTLV,
,ETH Pondy,March 28,March 30,"Pondicherry, IND",ethpondy.xyz ,ethpondy,t.me/+TqvYZX_BFC1kMWQ1 ,
,ETHTaipei,April 1,April 2,"Taipei, TW",ethtaipei.org ,EthTaipei,t.me/ethtaipei,
,ETH Bucharest,April 2,April 5,"Bucharest, Romania",ethbucharest.xyz,ethbucharest_,t.me/ETHBucharestCommunity,
,Pragma Taipei,April 3,April 3,"Taipei, TWN",ethglobal.com/events/pragma-taipei,ethglobal,ethglobal.com/discord,
,Edge Expedition South Africa,April 3,April 12,"Capetown, ZA",https://www.edgecity.live/southafrica,joinedgecity,-,
,ETHGlobal Taipei,April 4,April 6,"Taipei, TWN",ethglobal.com/events/taipei,ethglobal,ethglobal.com/discord,
,Appcon,April 7,April 13,"Milan, ITA",appcon.org,appcon,discord.gg/Cnx5xRzdWX,
,zkHack,April 11,April 13,"Seoul, KR",zkhack.dev,__zkhack__,discord.gg/VGyP6GtGd2,
,ETH Seoul,April 14,April 14,"Seoul, KR",ethseoul.org,eth_seoul_,t.me/ericakang,
,BUIDL Asia,April 15,April 16,"Seoul, KR",-,buidl_asia,t.me/ericakang,
,Invisible Garden,October 27,November 16,"Buenos Aires, ARG",https://invisible.garden/,invisiblgarden,t.me/invgarannounce,
,ETH Canal,April 22,April 25,"Panama City, PAN",ethcanal.xyz,ethcanal,t.me/@EthPanama,
,Staking Summit*,April 28,April 29,"Dubai, UAE",stakingsummit.com,stakingrewards,t.me/stakingrewards,
,ETHDubai,April 28,April 29,"Dubai, UAE",ethdubaiconf.org/,ETHDubaiConf,t.me/ETHDubai,
,TOKEN2049 Dubai*,April 30,May 1,"Dubai, UAE",token2049.com ,token2049,t.me/token2049official,
,ETH Cinco de Mayo,May 1,May 4,"Mexico, MX",ethcdm.com/,ETHCincoDeMayo,t.me/ethcdm,
,FarCon,May 1,May 4,"New York, NYC, USA",farcon.nyc,warpcast.com/~/channel/farcon-nyc,,
,ETHDam,May 9,May 11,"Amsterdam, NL",ethdam.com,cryptocanal,t.me/CryptoCanalCommunity,
,ETH Lisbon,May 9,May 11,"Lisbon, POR",ethlisbon.org ,ETHLisbon,discord.com/invite/yKpUEh3Tad,
,World Expo on Blockchain*,May 10,June 3,"Osaka, JPN",web2025.world/,web25_world,t.me/+kHdpq1NG9ydmZjdl,
,Consensus Toronto*,May 14,May 16,"Hong Kong, HKG",consensus2025.coindesk.com/,CoinDesk,t.me/+OyjKZpv18QthNWMx, 
,Code Africa Conference,May 19,May 23,"Nairobi,  Kenya",codeafrica.io,_one_dev,t.me/memoiafrica,
,ETHDublin 2025,May 23,May 25,"Dublin, IRE",lu.ma/hkl5jcre,EthIreland,t.me/ETHDublin,
,ETHBratislava,May 23,May 25,"Bratislava, SVK",ethbratislava.com/,ETH_Bratislava,ethbratislava,
,Edge Esmeralda,May 24,June 21,"Healdsburg, USA",edgeesmeralda.com/,joinedgecity,-,
,ETHPrague,May 27,May 29,"Prague, CZE",ethprague.com/,ethprague,t.me/ethprague,
,ETHGlobal Prague,May 30,June 1,"Prague, CZE",ethglobal.com/events/prague,ethglobal,ethglobal.com/discord,
,Pragma Prague,May 29,May 29,"Prague, CZE",ethglobal.com/events/pragma-prague,ethglobal,ethglobal.com/discord,
,ETH Belgrade,June 3,June 8,"Belgrade, SRB",ethbelgrade.rs/,ethbelgrade,t.me/+JHSH1qc-W85kYzdk,
,Non Fungible Conference*,June 4,June 6,"Lisbon, PRT",nonfungibleconference.com,NFCsummit,t.me/+fFoOkb5AxvVlMTc8 ,
,ETHMilan,June 24,June 24,"Milan, ITALY",ethmilan.xyz,eth_milano,t.me/+OAiy2dgrSNFiMjZk,
,EthereumBrasil,June 9,June 10,"S√£o Paulo, BR",https://ethereumbrasil.com,ethereum_brasil,-,
,Offscript,June 11,June 15,"San Miguel de Allende, MX",offscript.web3creatives.com/,Offscript9,,
,ProtocolBerg,June 12,June 13,"Berlin, GER",protocol.berlin,protocol_berg,#protocol:dod.ngo,
,ETHKyiv,June 13,June 15,"Kyiv, Ukraine",ethkyiv.com,ethkyiv_ua,https://t.me/ethkyiv_ua,
,DappCon,June 16,June 18,"Berlin, GER",dappcon.io,dappcon_berlin,t.me/+o5WWGy1HZek0ZDAy,
,NFT NYC*,June 23,June 25,"NYC, USA",nft.nyc,NFT_NYC,t.me/joinchat/ZKy4Ny0R0Z0wZTlh,
,Permissionless IV,June 24,June 26,"Brooklyn, NYC, USA",blockworks.co/event/permissionless-iv,Blockworks_,-,
,ETHCluj,June 26,June 28,"Cluj-Napoca, ROU",ethcluj.org,ETHCluj,https://t.me/ethcluj,
,EthCC,June 30,July 3,"Cannes, FR",ethcc.io,ethcc,t.me/ethccweek,
,EthCCweek,July,July,"Cannes, FR",ethccweek.fr/,EthCCWeek,t.me/ethccweek,
,Pragma Cannes,July 3,July 3,"Cannes, FR",ethglobal.com/events/pragma-cannes,ethglobal,ethglobal.com/discord,
,ETHGlobal Cannes,July 4,July 6,"Cannes, FR",ethglobal.com/events/cannes,ethglobal,ethglobal.com/discord,
,ETHVietnam 2025,August 9,August 10,"HCMC, VNM",eth-vietnam.com,eth.vietnam,t.me/Ethvietnamcommunity,
,Pragma New York,August 14,August 14,"New York, NYC, USA",ethglobal.com/events/pragma-newyork2025,ethglobal,ethglobal.com/discord,
,ETH Enugu ‚Äò25,August 4,August 16,"Enugu, NG",ethenugu.xyz,https://x.com/Eth_Enugu,t.me/Eth_Enugu,
,NapulETH,July 16,July 19,"Naples, ITA",napuleth.org/,napuleth,t.me/NapulETH ,
,SBC (The Science of Blockchain Conference 2025),August 4,August 6,"Berkeley, USA",sbc-conference.com/2025/,-,-,
,Frontiers 2025,August,August,"San Francisco, US",frontiers.paradigm.xyz/,-,-,
,ETH Latam,November 8,November 9,"S√£o Paulo, BR",https://ethlatam.org/en,ethlatam,ETHLatam,
,ETHGlobal New York,August 15,August 17,"New York, NYC, USA",https://ethglobal.com/events/newyork2025,ethglobal,ethglobal.com/discord,
,Web3 Lagos Conference,August 28,August 30,"Lagos, NGA",event.web3bridge.com ,Web3Bridge,t.me/web3bridge ,
,Builders Week Istanbul,September 1,September 7,"Istanbul, TR",buildersweekistanbul.com/,buildersweekist,t.me/buildersweekist,
,Cryptist,September 1,September 1,"Istanbul, TR",https://cryptist.org/,https://x.com/cryptistanbul,https://t.me/cryptist2023,
,EthAccra,September 3,September 6,"Accra, GHA",ethaccra.xyz,ETHAccra,t.me/+7ClMFsYpii05NGQ0,
,ETHWarsaw,September 4,September 7,"Warsaw, POL",ethwarsaw.dev,ethwarsaw,t.me/joinethwarsaw,
,EthIstanbul,September 5,September 7,"Istanbul, TR",https://ethistanbul.io/,https://x.com/ETHIstanbul_io,https://t.me/ETHIstanbul_io,
,Ethsafari,September 7,September 14,"Nairobi, KEN",g.co/kgs/gQYT2iY,ETHSafari,https://t.me/ethsafari,
,Boston Blockchain Week,September 8,September 11,"Quincy, Massachusetts, USA",https://bostonblockchainweek.com/,blockchainwk,-,
,ETH Boston,September 9,September 12,"Boston, USA",bostonblockchainweek.com/,blockchainwk,N/a yet,
,ETHTokyo,September 12,September 15,"Tokyo, JAP",lu.ma/eth-tokyo,Ethereum_JP,,
,ETHSofia,September 23,September 25,"Sofia, BGR",ethsofia.com,EthSofiaBG,t.me/+_i70pgfFHjBkMjZk,
,Pragma New Delhi,September 25,September 25,"New Delhi, IND",ethglobal.com/events/pragma-newdelhi,ethglobal,ethglobal.com/discord,
,ETHGlobal New Delhi,September 26,September 28,"New Delhi, IND",ethglobal.com/events/newdelhi,ethglobal,ethglobal.com/discord,
,TOKEN2049 Singapore*,October 1,October 2,"Singapore, SGP",asia.token2049.com/,token2049,t.me/token2049official,
,ProtoLayers Conference,October 11,October 11,"Prague, CZ",lu.ma/protolayersprague,ProtoLayers,-,
,Encode London 2025,October 24,October 26,"London, UK",lu.ma/Encode-London-25/?utm_source=jpx10i&utm_campaign=e0592_internal&utm_content=eventplatform,encodeclub,-,
,ETHRome Hackathon,October,October,"Rome, ITA",ethrome.org,ETHRome,-,
,DevConnect,November 17,November 22,"Buenos Aires, ARG",devconnect.org,EFDevconnect,t.me/efdevconnect ,
,,,,,,,,
,,,,,,,,
,Last update:,May 2,,,,,,
,*not ethereum-specific events,,,,,,,